Metric,Trial,Values,Average,Median,Std,IQR,Min,Max
root_mean_squared_error,RGB-RNA-mRNA-OmniGenome-52M,[0.7568678259849548],0.7568678259849548,0.7568678259849548,0.0,0.0,0.7568678259849548,0.7568678259849548
