Metric,Trial,Values,Average,Median,Std,IQR,Min,Max
f1_score,RGB-RNA-SNMR-OmniGenome-52M,[0.47621701024504426],0.47621701024504426,0.47621701024504426,0.0,0.0,0.47621701024504426,0.47621701024504426
f1_score,RGB-RNA-SSP-Archive2-OmniGenome-52M,[0.8697455072176838],0.8697455072176838,0.8697455072176838,0.0,0.0,0.8697455072176838,0.8697455072176838
f1_score,RGB-RNA-SSP-rnastralign-OmniGenome-52M,[0.9724533442289306],0.9724533442289306,0.9724533442289306,0.0,0.0,0.9724533442289306,0.9724533442289306
matthews_corrcoef,RGB-RNA-SNMR-OmniGenome-52M,[0.3167276153306325],0.3167276153306325,0.3167276153306325,0.0,0.0,0.3167276153306325,0.3167276153306325
matthews_corrcoef,RGB-RNA-SSP-Archive2-OmniGenome-52M,[0.7968590624844144],0.7968590624844144,0.7968590624844144,0.0,0.0,0.7968590624844144,0.7968590624844144
matthews_corrcoef,RGB-RNA-SSP-rnastralign-OmniGenome-52M,[0.9571637196065947],0.9571637196065947,0.9571637196065947,0.0,0.0,0.9571637196065947,0.9571637196065947
roc_auc_score,RGB-RNA-SNMD-OmniGenome-52M,[0.5993125613654618],0.5993125613654618,0.5993125613654618,0.0,0.0,0.5993125613654618,0.5993125613654618
root_mean_squared_error,RGB-RNA-mRNA-OmniGenome-52M,[0.747047483921051],0.747047483921051,0.747047483921051,0.0,0.0,0.747047483921051,0.747047483921051
